asset_tag,erp_asset_code,name,maintenance_category,asset_kind,serial_number,size,model,manufacturer_code,fa_subclass_code,operational_status,maintenance_status
L-MTR-958-0011,FA000001,"9 5/8"" MOTOR ASSEMBLY M7 WENZEL",MOTOR,asset,M7-962-0011,"9 5/8""",,V0043,MUD MOTOR,ready_for_field,enrolled
L-MTR-958-0021,FA000002,"9 5/8"" MOTOR ASSEMBLY M7 WENZEL",MOTOR,asset,M7-962-0021,"9 5/8""",,V0043,MUD MOTOR,ready_for_field,enrolled
L-MTR-634-0026,FA000003,"6 3/4"" MOTOR ASSEMBLY M7 WENZEL",MOTOR,asset,M7-675-0026,"6 3/4""",,V0043,MWD/LWD,ready_for_field,enrolled
L-MTR-634-0028,FA000004,"6 3/4"" MOTOR ASSEMBLY M7 WENZEL",MOTOR,asset,M7-675-0028,"6 3/4""",,V0043,MUD MOTOR,ready_for_field,enrolled
L-MTR-800-5674,FA000005,"8"" MOTOR ASSEMBLY M40 WENZEL",MOTOR,asset,BDA 25674,"8""",,V0043,MUD MOTOR,ready_for_field,enrolled
L-MTR-800-5675,FA000006,"8"" MOTOR ASSEMBLY M40 WENZEL",MOTOR,asset,BDA 25675,"8""",,V0043,MUD MOTOR,ready_for_field,enrolled
L-MTR-218-6005,FA000007,"12 1/8"" SPIRAL STABILIZER",MOTOR,asset,WZL-160-05,"12 1/8""",,V0043,MUD MOTOR,ready_for_field,enrolled
L-STR-000-2352,FA000008,"6 3/4"" STATOR S675785.0-STD-NBR HPW",MOTOR,component,4-C41235-2,"6 3/4""",,V00050,MUD MOTOR,ready_for_field,enrolled
L-STR-000-2351,FA000009,"6 3/4"" STATOR S675785.0-STD-NBR HPW",MOTOR,component,4-C41235-1,"6 3/4""",,V00050,MUD MOTOR,ready_for_field,enrolled
L-RTR-000-5810,FA000010,"6 3/4"" ROTOR R675785.0-SLD-2.875 REG:WC-4.00",MOTOR,component,C21558-10,"6 3/4""",,V00050,MUD MOTOR,ready_for_field,enrolled
L-RTR-000-5584,FA000011,"6 3/4"" ROTOR R675785.0-SLD-2.875 REG:WC-4.00",MOTOR,component,C21558-4,"6 3/4""",,V00050,MUD MOTOR,ready_for_field,enrolled
L-STR-000-2354,FA000012,"8"" STATOR S800784.0-STD-NBR HPW",MOTOR,component,4-C41235-4,"8""",,V00050,MUD MOTOR,ready_for_field,enrolled
L-STR-000-2355,FA000013,"8"" STATOR S800784.0-STD-NBR HPW",MOTOR,component,4-C41235-5,"8""",,V00050,MUD MOTOR,ready_for_field,enrolled
L-RTR-000-0672,FA000014,"8"" ROTOR R800784.0-1.25-2.125 SA:WC",MOTOR,component,4-B00672,"8""",,V00050,MUD MOTOR,ready_for_field,enrolled
L-RTR-000-0673,FA000015,"8"" ROTOR R800784.0-1.25-2.125 SA:WC",MOTOR,component,4-B00673,"8""",,V00050,MUD MOTOR,ready_for_field,enrolled
L-RTR-958-0010,FA000016,"9 5/8"" MOTOR ASSEMBLY M7 WENZEL",MOTOR,component,M7-962-0010,"9 5/8""",,V0043,MUD MOTOR,ready_for_field,enrolled
L-RTR-634-0031,FA000017,"6 3/4"" MOTOR ASSEMBLY M7 WENZEL",MOTOR,component,M7-675-0031,"6 3/4""",,V0043,MUD MOTOR,ready_for_field,enrolled
L-STR-000-0018,FA000018,"6 3/4"" STATOR S675785.0-1OS ( 51059)",MOTOR,component,,"6 3/4""",,V00050,MUD MOTOR,ready_for_field,enrolled
L-MTR-000-9009,FA000019,"9 5/8"" BEARING ASSEMBLY NUT",MOTOR,asset,LDC-405-9009,"9 5/8""",,V0043,MUD MOTOR,ready_for_field,enrolled
L-MTR-838-1005,FA000020,"8 3/8"" STRAIGHT STABILIZER SLEEVES",MOTOR,asset,WZL-0231-005,"8 3/8""",,V0043,MUD MOTOR,ready_for_field,enrolled
L-RTR-434-0001,FA000021,"4 3/4"" MOTOR ASSEMBLY M7 WENZEL",MOTOR,component,M47-M7-0001,"4 3/4""",,V0043,MUD MOTOR,ready_for_field,enrolled
L-RTR-434-0002,FA000022,"4 3/4"" MOTOR ASSEMBLY M7 WENZEL",MOTOR,component,M47-M7-0002,"4 3/4""",,V0043,MUD MOTOR,ready_for_field,enrolled
L-RTR-000-1646,FA000023,"6 3/4"" ROTOR R675785.0-SLD-1.375-6 SA:WC",MOTOR,component,4-B01646,"6 3/4""",,V00050,MUD MOTOR,ready_for_field,enrolled
L-RTR-800-0029,FA000024,"8"" MOTOR ASSEMBLY M40",MOTOR,component,M40-0800-0029,"8""",,V0043,MUD MOTOR,ready_for_field,enrolled
L-RTR-800-0032,FA000025,"8"" MOTOR ASSEMBLY M40",MOTOR,component,M40-0800-0032,"8""",,V0043,MUD MOTOR,ready_for_field,enrolled
L-MTR-838-6001,FA000026,"8 3/8"" Straight Sleeve Stabilizer",MOTOR,asset,WZL-0196-001,"8 3/8""",,V0043,MUD MOTOR,ready_for_field,enrolled
L-MTR-534-1001,FA000027,"15 3/4"" Spiral Sleeve Stabilizer",MOTOR,asset,WZL-0231-001,"15 3/4""",,V0043,MUD MOTOR,ready_for_field,enrolled
L-MTR-218-1002,FA000028,"12 1/4"" Straight Sleeve Stabilizer",MOTOR,asset,WZL-0231-002,"12 1/4""",,V0043,MUD MOTOR,ready_for_field,enrolled
L-MTR-218-1003,FA000029,"12 1/8"" Straight Sleeve Stabilizer",MOTOR,asset,WZL-0231-003,"12 1/8""",,V0043,MUD MOTOR,ready_for_field,enrolled
L-MTR-578-1007,FA000030,"5 7/8"" Straight Sleeve Stabilizer",MOTOR,asset,WZL-0231-007,"5 7/8""",,V0043,MUD MOTOR,ready_for_field,enrolled
L-RTR-634-0032,FA000031,"6 3/4"" MOTOR ASSEMBLY M7",MOTOR,component,M7-675-0032,"6 3/4""",,V0043,MUD MOTOR,ready_for_field,enrolled
L-JAR-434-0079,FA000032,"4 3/4"" HYDRA-MECH DOUBLE ACTING JAR",JAR,asset,HMDA47-0079,"4 3/4""",,V0043,JARS,ready_for_field,enrolled
L-JAR-434-0080,FA000033,"4 3/4"" HYDRA-MECH DOUBLE ACTING JAR",JAR,asset,HMDA47-0080,"4 3/4""",,V0043,JARS,ready_for_field,enrolled
L-JAR-612-0034,FA000034,"6 1/2"" HYDRA-MECH DOUBLE ACTING JAR",JAR,asset,HMDA650-0034,"6 1/2""",,V0043,JARS,ready_for_field,enrolled
L-JAR-612-0035,FA000035,"6 1/2"" HYDRA-MECH DOUBLE ACTING JAR",JAR,asset,HMDA650-0035,"6 1/2""",,V0043,JARS,ready_for_field,enrolled
L-JAR-800-0035,FA000036,"8"" HYDRA-MECH JAR DOUBLE ACTING JAR",JAR,asset,HMDA800-0035,"8""",,V0043,JARS,ready_for_field,enrolled
L-JAR-800-0036,FA000037,"8"" HYDRA-MECH JAR DOUBLE ACTING JAR",JAR,asset,HMDA800-0036,"8""",,V0043,JARS,ready_for_field,enrolled
L-STR-000-6191,FA000038,"6 3/4"" STATOR S675785.0-1OS-NBR HPW (51059)",MOTOR,component,4-C41619-1,"6 3/4""",,V00050,MUD MOTOR,ready_for_field,enrolled
L-STR-000-6192,FA000039,"6 3/4"" STATOR S675785.0-1OS-NBR HPW (51277)",MOTOR,component,4-C41619-2,"6 3/4""",,V00050,MUD MOTOR,ready_for_field,enrolled
L-RTR-000-1647,FA000040,"6 3/4"" ROTOR R675785.0-SLD-1.375-6 SA:WC",MOTOR,component,4-B01647,"6 3/4""",,V00050,MUD MOTOR,ready_for_field,enrolled
L-RTR-000-1645,FA000041,"9 5/8"" ROTOR R962785.7-SLD-2.125 SA:WC",MOTOR,component,4-B01645,"9 5/8""",,V00050,MUD MOTOR,ready_for_field,enrolled
L-STR-000-6194,FA000042,"8"" STATOR S800784.0-STD-NBR HPW (W3863)",MOTOR,component,4-C41619-4,"8""",,V00050,MUD MOTOR,ready_for_field,enrolled
L-RTR-000-1667,FA000043,"8"" ROTOR R800784.0-SLD-2.125-6 SA:WC",MOTOR,component,4-B01667,"8""",,V00050,MUD MOTOR,ready_for_field,enrolled
L-STR-000-6196,FA000044,"4 3/4"" STATOR S475783.8-1.5OS-NBR HPW (A120968)",MOTOR,component,4-C41619-6,"4 3/4""",,V00050,MUD MOTOR,ready_for_field,enrolled
L-STR-000-6197,FA000045,"4 3/4"" STATOR S475783.8-1.5OS-NBR HPW (A120968)",MOTOR,component,4-C41619-7,"4 3/4""",,V00050,MUD MOTOR,ready_for_field,enrolled
L-RTR-000-1664,FA000046,"4 3/4"" ROTOR R475783.8-SLD-1.375-6SA:WC-3.13HD",MOTOR,component,4-B01664,"4 3/4""",,V00050,MUD MOTOR,ready_for_field,enrolled
L-RTR-000-1665,FA000047,"4 3/4"" ROTOR R475783.8-SLD-1.375-6SA:WC-3.13HD",MOTOR,component,4-B01665,"4 3/4""",,V00050,MUD MOTOR,ready_for_field,enrolled
L-MWD-000-2447,FA000048,"Pulser Assy, Fixed 4.125in Valve (Std Flow) 20Kpsi, 4 Blades, MC, FJn Centralizer APS",MWD / APS,asset,SN 2447,"4 1/8""",,V0049,MWD/LWD,ready_for_field,enrolled
L-MWD-000-2791,FA000049,"Pulser Assy, Fixed 4.125in Valve (Std Flow) 20Kpsi, 4 Blades, MC, FJn Centralizer",MWD / APS,asset,SN 2791,"4 1/8""",,V0049,MWD/LWD,ready_for_field,enrolled
L-MWD-000-2766,FA000050,"Pulser Assy, Fixed 5.25in Valve (Std Flow) 150°C, 20Kpsi, 4 Blades, G4.2, Flow MC, Fm Centralizer",MWD / APS,asset,SN 2766,"5 1/4""",,V0049,MWD/LWD,ready_for_field,enrolled
L-MWD-000-2546,FA000051,"Pulser Assy, Fixed 5.25in Valve (Std Flow) 150°C, 20Kpsi, 4 Blades, G4.2, Flow MC, Fm Centralizer",MWD / APS,asset,SN 2546,"5 1/4""",,V0049,MWD/LWD,ready_for_field,enrolled
L-MWD-000-4155,FA000052,BATTERY MODULE ASSY (NO BATTERY INSTALLED)-NITRONIC 50,MWD / APS,asset,SN 4155,,,V0049,MWD/LWD,ready_for_field,enrolled
L-MWD-000-4297,FA000053,BATTERY MODULE ASSY (NO BATTERY INSTALLED)-NITRONIC 50,MWD / APS,asset,SN 4297,,,V0049,MWD/LWD,ready_for_field,enrolled
L-MWD-000-2631,FA000054,BATTERY MODULE ASSY (NO BATTERY INSTALLED)-NITRONIC 50,MWD / APS,asset,SN 2631,,,V0049,MWD/LWD,ready_for_field,enrolled
L-MWD-000-4317,FA000055,BATTERY MODULE ASSY (NO BATTERY INSTALLED)-NITRONIC 50,MWD / APS,asset,SN 4317,,,V0049,MWD/LWD,ready_for_field,enrolled
L-MWD-000-4335,FA000056,BATTERY MODULE ASSY (NO BATTERY INSTALLED)-NITRONIC 50,MWD / APS,asset,SN 4335,,,V0049,MWD/LWD,ready_for_field,enrolled
L-MWD-000-4343,FA000057,BATTERY MODULE ASSY (NO BATTERY INSTALLED)-NITRONIC 50,MWD / APS,asset,SN 4343,,,V0049,MWD/LWD,ready_for_field,enrolled
L-MWD-000-0640,FA000058,"SENSOR ASSY. DIRECTIONAL, RINC AND VMM ENABLED, FIN CENTRALIZER READY, 150°C, 20KPSI",MWD / APS,asset,SN 640,,,V0049,MWD/LWD,ready_for_field,enrolled
L-MWD-000-1818,FA000059,"SENSOR ASSY. DIRECTIONAL, RINC AND VMM ENABLED, FIN CENTRALIZER READY, 150°C, 20KPSI",MWD / APS,asset,SN 1818,,,V0049,MWD/LWD,ready_for_field,enrolled
L-MWD-000-1798,FA000060,"SENSOR ASSY. DIRECTIONAL, RINC AND VMM ENABLED, FIN CENTRALIZER READY, 150°C, 20KPSI",MWD / APS,asset,SN 1798,,,V0049,MWD/LWD,ready_for_field,enrolled
L-MWD-000-1049,FA000061,"GAMMA MODULE ASSY, 6 WIRE- FIN CTRLZR READY, 150°C, 20KPSI",MWD / APS,asset,SN 1049,,,V0049,MWD/LWD,ready_for_field,enrolled
L-MWD-000-0370,FA000062,"GAMMA MODULE ASSY, 6 WIRE- FIN CTRLZR READY, 150°C, 20KPSI",MWD / APS,asset,SN 370,,,V0049,MWD/LWD,ready_for_field,enrolled
L-MWD-000-1150,FA000063,"GAMMA MODULE ASSY, 6 WIRE- FIN CTRLZR READY, 150°C, 20KPSI",MWD / APS,asset,SN 1150,,,V0049,MWD/LWD,ready_for_field,enrolled
L-MWD-112-1082,FA000064,"SURE-SHOT LITE, SIU2, WITH DTS, 1.0-1.5"" DRILL LINE",MWD / APS,asset,SN 1082,,,V0049,MWD/LWD,ready_for_field,enrolled
L-MWD-112-1219,FA000065,"SURE-SHOT LITE, SIU2, WITH DTS, 1.0-1.5"" DRILL LINE",MWD / APS,asset,SN 1219,,,V0049,MWD/LWD,ready_for_field,enrolled
L-MWD-112-1220,FA000066,"SURE-SHOT LITE, SIU2, WITH DTS, 1.0-1.5"" DRILL LINE",MWD / APS,asset,SN 1220,,,V0049,MWD/LWD,ready_for_field,enrolled
L-MWD-000-0036,FA000067,"KIT, LAVERSAB RFD - WIRELESS",MWD / APS,asset,SN 36,,,V0049,MWD/LWD,ready_for_field,enrolled
L-MWD-000-0185,FA000068,"KIT, LAVERSAB RFD - WIRELESS",MWD / APS,asset,SN 185,,,V0049,MWD/LWD,ready_for_field,enrolled
L-MWD-000-0187,FA000069,"KIT, LAVERSAB RFD - WIRELESS",MWD / APS,asset,SN 187,,,V0049,MWD/LWD,ready_for_field,enrolled
L-MWD-000-3402,FA000075,"4 3/4"" SUB FLOW, 4.75 01), .344 FIXED MT, NC38 B/P, 42 00in LG SST/SPEC 10020; SN 43324 03",SUB FLOW / MWD,asset,374934-02,"4 3/4""",,V0049,MWD/LWD,ready_for_field,enrolled
L-MWD-000-8581,FA000076,"6 3/4"" SUB FLOW, 6.75 OD-SST/SPEC-10020 (P530 OR EQUIV)",SUB FLOW / MWD,asset,380858-1,"6 3/4""",,V0049,MWD/LWD,ready_for_field,enrolled
L-MWD-000-8582,FA000077,"6 3/4"" SUB FLOW, 6.75 OD-SST/SPEC-10020 (P530 OR EQUIV)",SUB FLOW / MWD,asset,380858-2,"6 3/4""",,V0049,MWD/LWD,ready_for_field,enrolled
L-MWD-000-1903,FA000078,"8"" SUB FLOW, 8.00 OD, 3 50 ID, 42 LG, 6-5/8 REG B/P - SST/APS SPEC-10020 (P530 OREQUIV)",SUB FLOW / MWD,asset,375190-3,"8""",,V0049,MWD/LWD,ready_for_field,enrolled
L-MWD-000-1904,FA000079,"8"" SUB FLOW, 8.00 OD, 3 50 ID, 42 LG, 6-5/8 REG B/P - SST/APS SPEC-10020 (P530 OREQUIV)",SUB FLOW / MWD,asset,375190-4,"8""",,V0049,MWD/LWD,ready_for_field,enrolled
L-NMD-400-0965,FA000080,"4 3/4"" NMDC - 2 11/16"" ID",NMDC,asset,SBM P0965,"4 3/4""",,V00570,NMDC,ready_for_field,enrolled
L-NMD-800-2911,FA000081,"8"" NMDC - 3 1/2"" ID",NMDC,asset,SBM P2911,"8""",,V00570,NMDC,ready_for_field,enrolled
L-NMD-800-3551,FA000082,"8"" NMDC, 3 1/2"" ID",NMDC,asset,SBM P3551,"8""",,V00570,NMDC,ready_for_field,enrolled
L-NMD-200-6213,FA000083,"9 1/2"" NMDC - 4"" ID",NMDC,asset,SBM P6213,"9 1/2""",,V00570,NMDC,ready_for_field,enrolled
L-WRL-114-9050,FA000084,"QUANTUM 1.25"" MEMORY PIEZO GAUGE P/T 150C 0-10, 000 PSI",SLICKLINE,asset,S9050,"1 1/4""",,V00580,WIRELINE,ready_for_field,enrolled
L-WRL-114-1501,FA000085,"QUANTUM 1.25"" MEMORY PIEZO GAUGE P/T 150C 0-10, 000 PSI",SLICKLINE,asset,S91501,"1 1/4""",,V00580,WIRELINE,ready_for_field,enrolled
L-WRL-114-9220,FA000086,"QUANTUM 1.25"" MEMORY PIEZO GAUGE P/T 150C 0-10, 000 PSI",SLICKLINE,asset,S9220,"1 1/4""",,V00580,WIRELINE,ready_for_field,enrolled
L-WRL-114-9225,FA000087,"QUANTUM 1.25"" MEMORY PIEZO GAUGE P/T 150C 0-10, 000 PSI",SLICKLINE,asset,S9225,"1 1/4""",,V00580,WIRELINE,ready_for_field,enrolled
L-MWD-000-0153,FA000095,DIRECTIONAL MODULE MT RC2,MWD / VERTEX,asset,D153,,,V00560,MWD/LWD,ready_for_field,enrolled
L-MWD-000-0154,FA000096,DIRECTIONAL MODULE MT RC2,MWD / VERTEX,asset,D154,,,V00560,MWD/LWD,ready_for_field,enrolled
L-MWD-000-0874,FA000097,"PULSER , VERTEX RC2 FLOW THRU",MWD / VERTEX,asset,P874,,,V00560,MWD/LWD,ready_for_field,enrolled
L-MWD-000-0875,FA000098,"PULSER , VERTEX RC2 FLOW THRU",MWD / VERTEX,asset,P875,,,V00560,MWD/LWD,ready_for_field,enrolled
L-MWD-000-0436,FA000099,BATTERY MODULE RC2,MWD / VERTEX,asset,B436,,,V00560,MWD/LWD,ready_for_field,enrolled
L-MWD-000-0437,FA000100,BATTERY MODULE RC2,MWD / VERTEX,asset,B437,,,V00560,MWD/LWD,ready_for_field,enrolled
L-MWD-000-0438,FA000101,BATTERY MODULE RC2,MWD / VERTEX,asset,BB438,,,V00560,MWD/LWD,ready_for_field,enrolled
L-MWD-000-0439,FA000102,BATTERY MODULE RC2,MWD / VERTEX,asset,B439,,,V00560,MWD/LWD,ready_for_field,enrolled
L-MWD-000-2312,FA000104,KIT WINC RFD,MWD / VERTEX,asset,89231VTX2,,,V00560,MWD/LWD,ready_for_field,enrolled
L-MWD-000-1477,FA000105,PRESSURE TRANSDUCER KIT SENSOR,MWD / VERTEX,asset,171496  171477,,,V00560,MWD/LWD,ready_for_field,enrolled
L-MWD-000-1698,FA000107,PROGRAM & TEST KIT,MWD / VERTEX,asset,"ITI0150,FSM260 ITI0193,1698",,,V00560,MWD/LWD,ready_for_field,enrolled
L-MWD-912-9007,FA000108,"9 1/2"" NM UBHO SUB VERTEX",NM UBHO,asset,LDC-405-9007,"9 1/2""",,V00560,MWD/LWD,ready_for_field,enrolled
L-MWD-912-9008,FA000109,"9 1/2"" NM UBHO SUB VERTEX",NM UBHO,asset,LDC-405-9008,"9 1/2""",,V00560,MWD/LWD,ready_for_field,enrolled
L-MWD-800-8005,FA000110,"8"" NM UBHO SUB VERTEX",NM UBHO,asset,LDC-405-8005,"8""",,V00560,MWD/LWD,ready_for_field,enrolled
L-MWD-800-8006,FA000111,"8"" NM UBHO SUB VERTEX",NM UBHO,asset,LDC-405-8006,"8""",,V00560,MWD/LWD,ready_for_field,enrolled
L-MWD-634-6003,FA000112,"6 3/4"" NM UBHO SUB VERTEX",NM UBHO,asset,LDC-405-6003,"6 3/4""",,V00560,MWD/LWD,ready_for_field,enrolled
L-MWD-634-6004,FA000113,"6 3/4"" NM UBHO SUB VERTEX",NM UBHO,asset,LDC-405-6004,"6 3/4""",,V00560,MWD/LWD,ready_for_field,enrolled
L-MWD-434-4001,FA000114,"4 3/4"" NM UBHO SUB VERTEX",NM UBHO,asset,LDC-405-4001,"4 3/4""",,V00560,MWD/LWD,ready_for_field,enrolled
L-MWD-434-4002,FA000115,"4 3/4"" NM UBHO SUB VERTEX",NM UBHO,asset,LDC-405-4002,"4 3/4""",,V00560,MWD/LWD,ready_for_field,enrolled
L-NMD-031-3601,FA000116,"6 3/4"" NMDC - 3 1/4"" ID",NMDC,asset,KW2936-01,"6 3/4""",,V0036,NMDC,ready_for_field,enrolled
L-NMD-031-3602,FA000117,"6 3/4"" NMDC - 3 1/4"" ID",NMDC,asset,KW2936-02,"6 3/4""",,V0036,NMDC,ready_for_field,enrolled
L-DHT-434-4733,FA000118,"4 3/4"" STEEL UBHO",UBHO,asset,0121047-33,"4 3/4""",,V0036,DHT,ready_for_field,enrolled
L-DHT-434-4732,FA000119,"4 3/4"" STEEL UBHO",UBHO,asset,0121047-32,"4 3/4""",,V0036,DHT,ready_for_field,enrolled
L-DHT-634-5321,FA000120,"6 3/4"" STEEL UBHO",UBHO,asset,1219853-21,"6 3/4""",,V0036,DHT,ready_for_field,enrolled
L-DHT-634-5322,FA000121,"6 3/4"" STEEL UBHO",UBHO,asset,1219853-22,"6 3/4""",,V0036,DHT,ready_for_field,enrolled
L-DHT-434-5318,FA000122,"4 3/4"" Float Sub (3 1/2"" IF BOX BORED _3 1/2 IF Valve) With SRG at Pin",FLOAT SUB,asset,1219853-18,"4 3/4""",,V0036,DHT,ready_for_field,enrolled
L-DHT-434-5317,FA000123,"4 3/4"" Float Sub (3 1/2"" IF BOX BORED _3 1/2 IF Valve) With SRG at Pin",FLOAT SUB,asset,1219853-17,"4 3/4""",,V0036,DHT,ready_for_field,enrolled
L-DHT-634-1088,FA000124,"6 3/4"" Float Sub (4 1/2"" IF PIN - 4 1/2"" IF BOX) With SRG at Pin",FLOAT SUB,asset,2016-0108-8,"6 3/4""",,V0036,DHT,ready_for_field,enrolled
L-DHT-634-1083,FA000125,"6 3/4"" Float Sub (4 1/2"" IF PIN - 4 1/2"" IF BOX) With SRG at Pin",FLOAT SUB,asset,2016-0108-3,"6 3/4""",,V0036,DHT,ready_for_field,enrolled
L-DHT-912-5312,FA000126,"9 5/8"" Float Sub (7 5/8 REG PIN - 7 5/8 REG BOX) With SRG at Pin",FLOAT SUB,asset,1219853-12,"9 5/8""",,V0036,DHT,ready_for_field,enrolled
L-DHT-912-6012,FA000127,"9 5/8"" Float Sub (7 5/8 REG PIN - 7 5/8 REG BOX) With SRG at Pin",FLOAT SUB,asset,KW2936-012,"9 5/8""",,V0036,DHT,ready_for_field,enrolled
L-DHT-600-2053,FA000128,"6"" Steel String Stabs",STB,asset,KW22102053,"6""",,V0036,DHT,ready_for_field,enrolled
L-DHT-600-2054,FA000129,"6"" Steel String Stabs",STB,asset,KW22102054,"6""",,V0036,DHT,ready_for_field,enrolled
L-DHT-214-1526,FA000130,"12 1/4"" Steel String Stabs",STB,asset,ST311526,"12 1/4""",,V0036,DHT,ready_for_field,enrolled
L-DHT-600-6465,FA000131,"16"" Steel String Stabs",STB,asset,SBD26465,"16""",,V0036,DHT,ready_for_field,enrolled
L-DHT-738-0303,FA000132,"17 3/8"" Steel String Stabs",STB,asset,230803-03,"17 3/8""",,V0036,DHT,ready_for_field,enrolled
L-DHT-178-6903,FA000133,"11 7/8"" Steel String Stabs",STB,asset,0522069-03,"11 7/8""",,V0036,DHT,ready_for_field,enrolled
L-DHT-116-5537,FA000134,"8 1/16"" Steel String Stabs",STB,asset,KW2205537,"8 1/16""",,V0036,DHT,ready_for_field,enrolled
L-DHT-116-6906,FA000135,"8 1/16"" Steel String Stabs",STB,asset,0522069-06,"8 1/16""",,V0036,DHT,ready_for_field,enrolled
L-DHT-312-3608,FA000136,"3 1/2"" IF float valve",FLOAT VALVE,asset,KW2936-08,"3 1/2""",,V0036,DHT,ready_for_field,enrolled
L-DHT-312-3605,FA000137,"3 1/2"" IF float valve",FLOAT VALVE,asset,KW2936-05,"3 1/2""",,V0036,DHT,ready_for_field,enrolled
L-DHT-634-3604,FA000138,"float valve 4R for the 6 3/4"" float sub-Plunger type",FLOAT VALVE,asset,KW2936-04,"6 3/4""",,V0036,DHT,ready_for_field,enrolled
L-DHT-634-3606,FA000139,"Float valve 4R for the 6 3/4"" float sub-Plunger type",FLOAT VALVE,asset,KW2936-06,"6 3/4""",,V0036,DHT,ready_for_field,enrolled
L-DHT-634-4716,FA000140,"Float valve 5R for the 6 3/4"" float sub-Plunger type",FLOAT VALVE,asset,10121047-16,"6 3/4""",,V0036,DHT,ready_for_field,enrolled
L-DHT-634-4710,FA000141,"Float valve 5R for the 6 3/4"" float sub-Plunger type",FLOAT VALVE,asset,10121047-10,"6 3/4""",,V0036,DHT,ready_for_field,enrolled
L-DHT-814-4722,FA000142,"Float valve 5F-6R for 8 1/4"" and 9 1/2"" float subs Plunger type",FLOAT VALVE,asset,10121047-22,,,V0036,DHT,ready_for_field,enrolled
L-DHT-814-4723,FA000143,"Float valve 5f-6R for 8 1/4"" and 9 1/2"" float subs Plunger type",FLOAT VALVE,asset,10121047-23,,,V0036,DHT,ready_for_field,enrolled
L-DHT-814-0011,FA000144,"8 1/4"" Float Sub (6 5/8 REG PIN - 6 5/8 REG BOX) With SRG at Pin",FLOAT SUB,asset,NAF-11,"8 1/4""",,V0036,DHT,ready_for_field,enrolled
L-DHT-814-0012,FA000145,"8 1/4"" Float Sub (6 5/8 REG PIN - 6 5/8 REG BOX) With SRG at Pin",FLOAT SUB,asset,NAF-12,"8 1/4""",,V0036,DHT,ready_for_field,enrolled
L-DHT-712-0014,FA000146,"17 1/2"" Roller Reamer Body String Type",ROLLER REAMER,asset,RR-174-0014,"17 1/2""",,V00610,DHT,ready_for_field,enrolled
L-DHT-712-0015,FA000147,"17 1/2"" Roller Reamer Body String Type",ROLLER REAMER,asset,RR-174-0015,"17 1/2""",,V00610,DHT,ready_for_field,enrolled
L-DHT-214-0091,FA000148,"12 1/4"" Roller Reamer Body String Type",ROLLER REAMER,asset,RR-122-0091,"12 1/4""",,V00610,DHT,ready_for_field,enrolled
L-DHT-214-0089,FA000149,"12 1/4"" Roller Reamer Body String Type",ROLLER REAMER,asset,RR-122-0089,"12 1/4""",,V00610,DHT,ready_for_field,enrolled
L-DHT-812-0088,FA000150,"8 1/2"" Roller Reamer Body String Type",ROLLER REAMER,asset,RR-84-0088,"8 1/2""",,V00610,DHT,ready_for_field,enrolled
L-DHT-812-0089,FA000151,"8 1/2"" Roller Reamer Body String Type",ROLLER REAMER,asset,RR-84-0089,"8 1/2""",,V00610,DHT,ready_for_field,enrolled
L-DHT-834-0572,FA000152,"8 3/4"" RR Bi Directional Cartridge Set",ROLLER REAMER,asset,CT-86B-D0572,"8 3/4""",,V00610,DHT,ready_for_field,enrolled
L-DHT-834-0573,FA000153,"8 3/4"" RR Bi Directional Cartridge Set",ROLLER REAMER,asset,CT-86B-D0573,"8 3/4""",,V00610,DHT,ready_for_field,enrolled
L-DHT-812-0575,FA000154,"8 1/2"" RR Bi Directional Cartridge Set",ROLLER REAMER,asset,CT-84B-D0575,"8 1/2""",,V00610,DHT,ready_for_field,enrolled
L-DHT-812-0576,FA000155,"8 1/2"" RR Bi Directional Cartridge Set",ROLLER REAMER,asset,CT-84B-D0576,"8 1/2""",,V00610,DHT,scraped,enrolled
L-DHT-712-0582,FA000156,"17 1/2"" RR Bi Directional Cartridge Set",ROLLER REAMER,asset,CT-160B-D0582,"17 1/2""",,V00610,DHT,ready_for_field,enrolled
L-DHT-712-0583,FA000157,"17 1/2"" RR Bi Directional Cartridge Set",ROLLER REAMER,asset,CT-160B-D0583,"17 1/2""",,V00610,DHT,ready_for_field,enrolled
L-MEQ-000-8025,FA000158,Hydraulic Breakout Machine,MACHINE,asset,8025 TM,,,V00590,MACHEQ,ready_for_field,enrolled
L-DHT-814-9001,FA000159,"8 1/4"" Circulation SUB",CIRCULATION SUB,asset,230989001,"8 1/4""",,V00180,DHT,ready_for_field,enrolled
L-NMD-634-5912,FA000160,"6 3/4"" NMDC",NMDC,asset,PST5912,"6 3/4""",,V00190,NMDC,ready_for_field,enrolled
L-NMD-634-5913,FA000161,"6 3/4"" NMDC",NMDC,asset,PST5913,"6 3/4""",,V00190,NMDC,ready_for_field,enrolled
L-NMD-800-4489,FA000162,"8"" NMDC",NMDC,asset,PST4489,"8""",,V00190,NMDC,ready_for_field,enrolled
L-NMD-800-5925,FA000163,"8"" NMDC",NMDC,asset,PST5925,"8""",,V00190,NMDC,ready_for_field,enrolled
L-NMD-634-2134,FA000164,"6 3/4"" NMDC",NMDC,asset,PST2134,"6 3/4""",,V00190,NMDC,ready_for_field,enrolled
L-NMD-634-2135,FA000165,"6 3/4"" NMDC",NMDC,asset,PST2135,"6 3/4""",,V00190,NMDC,ready_for_field,enrolled
L-NMD-800-8157,FA000166,"8"" NMDC",NMDC,asset,PST8157,"8""",,V00190,NMDC,ready_for_field,enrolled
L-NMD-658-1561,FA000167,"8"" NMDC PONY",PONY NMDC,asset,HEMO1561,"8""",,V00190,NMDC,ready_for_field,enrolled
L-NMD-912-4605,FA000168,"9 1/2"" NMDC PONY",PONY NMDC,asset,PST4605,"9 1/2""",,V00190,NMDC,ready_for_field,enrolled
L-DHT-278-9001,FA000169,"MegaPerf Tool Body 2-7/8"" EUE box x pin and accessories",MEGAPERF,asset,TB-90-01,"2 7/8""",,V00280,DHT,ready_for_field,enrolled
L-MTR-000-0001,FA000170,"8"" STRAIGHT HOUSING",MOTOR,asset,F80-22-M40A-001,"8""",,V0043,MUD MOTOR,ready_for_field,enrolled
L-MTR-000-0002,FA000171,"8"" STRAIGHT HOUSING",MOTOR,asset,F80-22-M40A-002,"8""",,V0043,MUD MOTOR,ready_for_field,enrolled
L-MTR-700-0003,FA000172,"8 "" SERVICE SUB, 7.000"" AM PIN X 6.995"" MOD IF BOX",MOTOR,asset,SS80-22-M40-003,"8""",,V0043,MUD MOTOR,ready_for_field,enrolled
L-MTR-700-0004,FA000173,"8"" SERVICE SUB, 7.000"" AM PIN X 6.995"" MOD IF BOX",MOTOR,asset,SS80-22-M40-004,"8""",,V0043,MUD MOTOR,ready_for_field,enrolled
L-MTR-800-0030,FA000174,"8"" MOTOR ASSEMBLY M40",MOTOR,asset,M40-800-0030,"8""",,V0043,MUD MOTOR,ready_for_field,enrolled
L-MTR-800-0033,FA000175,"8"" MOTOR ASSEMBLY M40",MOTOR,asset,M40-800-0033,"8""",,V0043,MUD MOTOR,ready_for_field,enrolled
L-STR-000-6193,FA000176,"8"" STATOR S800784.0 L3-STD-NBR HPW (W3367)",MOTOR,component,4-C41619-3,"8""",,V00050,MUD MOTOR,ready_for_field,enrolled
L-STR-000-8002,FA000177,"8"" STATOR S800784.0 L3-STD-NBR HPW (W3367)",MOTOR,component,4-C41800-2,"8""",,V00050,MUD MOTOR,ready_for_field,enrolled
L-RTR-000-2000,FA000178,"8"" ROTOR R800784.0-SLD-2.125-6 SA:WC",MOTOR,component,4-B02000,"8""",,V00050,MUD MOTOR,ready_for_field,enrolled
L-RTR-000-2001,FA000179,"8"" ROTOR R800784.0-SLD-2.125-6 SA:WC",MOTOR,component,4-B02001,"8""",,V00050,MUD MOTOR,ready_for_field,enrolled
L-STR-000-2910,FA000180,"8"" STATOR S800784.0 L3-STD-NBR HPW (P19290/1-W1309)",MOTOR,component,4-C42029-10,"8""",,V00050,MUD MOTOR,ready_for_field,enrolled
L-STR-000-0299,FA000181,"8"" STATOR S800784.0 L3-STD-NBR HPW- (W1309)",MOTOR,component,4-C42029-9,"8""",,V00050,MUD MOTOR,ready_for_field,enrolled
L-STR-000-6195,FA000182,"9 5/8"" STATOR S962785.7-STD-NBR HPW (35394)",MOTOR,component,4-C41619-5,"9 5/8""",,V00050,MUD MOTOR,ready_for_field,enrolled
L-STR-000-8008,FA000183,"9 5/8"" STATOR S962785.7-STD-NBR HPW (R60577)",MOTOR,component,4-C41800-8,"9 5/8""",,V00050,MUD MOTOR,ready_for_field,enrolled
L-GYR-000-0042,FA000184,GYRO TRACER 150°C,GYRO,asset,HT-042,,,,GYRO,ready_for_field,enrolled
L-NMD-434-5900,FA000185,"4 3/4"" NMDC",NMDC,asset,PST5900,"4 3/4""",,V00410,NMDC,ready_for_field,enrolled
L-NMD-634-5910,FA000186,"6 3/4"" NMDC",NMDC,asset,DPST5910,"6 3/4""",,V00410,NMDC,ready_for_field,enrolled
L-NMD-800-5497,FA000187,"8"" NMDC",NMDC,asset,TPST5497,"8""",,V00410,NMDC,ready_for_field,enrolled
L-NMD-434-1939,FA000188,"4 3/4"" NMDC",NMDC,asset,PST1939,"4 3/4""",,V00410,NMDC,ready_for_field,enrolled
L-NMD-434-4115,FA000189,"4 3/4"" NMDC PONY",PONY NMDC,asset,PST4115,"4 3/4""",,V00410,NMDC,ready_for_field,enrolled
L-RTM-000-3929,FA000190,"EDR Data Acquisition System (DAQ), Links EDR software for surface parameters",EDR,asset,93929,,,V00210,RTM,ready_for_field,enrolled
L-RTM-000-3930,FA000191,"EDR Data Acquisition System (DAQ), Links EDR software for surface parameters",EDR,asset,93930,,,V00210,RTM,ready_for_field,enrolled
L-MTR-958-5865,FA000203,"9 5/8"" MOTOR ASSEMBLY NOV",MOTOR,asset,15865,"9 5/8""",,V00470,MUD MOTOR,ready_for_field,enrolled
L-MTR-600-6081,FA000204,"16"" Stabilizer Sleeve",MOTOR,asset,16081,"16""",,V00470,MUD MOTOR,ready_for_field,enrolled
L-MTR-958-5871,FA000205,"9 5/8"" MOTOR ASSEMBLY NOV",MOTOR,asset,15871,"9 5/8""",,V00470,MUD MOTOR,ready_for_field,enrolled
L-MTR-600-6082,FA000206,"16"" Stabilizer Sleeve",MOTOR,asset,16082,"16""",,V00470,MUD MOTOR,ready_for_field,enrolled
L-MTR-958-5763,FA000207,"9 5/8"" MOTOR ASSEMBLY NOV",MOTOR,asset,15763,"9 5/8""",,V00470,MUD MOTOR,ready_for_field,enrolled
L-MTR-600-6758,FA000208,"16"" Stabilizer Sleeve",MOTOR,asset,16758,"16""",,V00470,MUD MOTOR,ready_for_field,enrolled
L-MTR-634-5580,FA000209,"6 3/4"" MOTOR ASSEMBLY NOV",MOTOR,asset,15580,"6 3/4""",,V00470,MUD MOTOR,ready_for_field,enrolled
L-MTR-838-6088,FA000210,"8 3/8"" Stabilizer Sleeve",MOTOR,asset,16088,"8 3/8""",,V00470,MUD MOTOR,ready_for_field,enrolled
L-MTR-634-5872,FA000211,"6 3/4"" MOTOR ASSEMBLY NOV",MOTOR,asset,15872,"6 3/4""",,V00470,MUD MOTOR,ready_for_field,enrolled
L-MTR-838-6089,FA000212,"8 3/8"" Stabilizer Sleeve",MOTOR,asset,16089,"8 3/8""",,V00470,MUD MOTOR,ready_for_field,enrolled
L-MTR-634-5579,FA000213,"6 3/4"" MOTOR ASSEMBLY NOV",MOTOR,asset,15579,"6 3/4""",,V00470,MUD MOTOR,ready_for_field,enrolled
L-MTR-838-6090,FA000214,"8 3/8"" Stabilizer Sleeve",MOTOR,asset,16090,"8 3/8""",,V00470,MUD MOTOR,ready_for_field,enrolled
L-MTR-500-0504,FA000215,"5"" MOTOR ASSEMBLY Dynomax",MOTOR,asset,RAD 504,"5""",,V00470,MUD MOTOR,ready_for_field,enrolled
L-MTR-578-9704,FA000216,"5 7/8"" Stabilizer",MOTOR,asset,DM113997-04,"5 7/8""",,V00470,MUD MOTOR,ready_for_field,enrolled
L-MTR-500-0506,FA000217,"5"" MOTOR ASSEMBLY Dynomax",MOTOR,asset,RAD 506,"5""",,V00470,MUD MOTOR,ready_for_field,enrolled
L-MTR-600-9702,FA000218,"6"" Stabilizer",MOTOR,asset,DM11397-02,"6""",,V00470,MUD MOTOR,ready_for_field,enrolled
L-CMP-000-0459,FA000219,Hydraulic Setting Tool size 20,COMPLETION,asset,300459,,,V00260,COMPLETION,ready_for_field,enrolled
L-MTR-912-6003,FA000220,"9 1/2"" STABILIZER",MOTOR,asset,WZL-0196-003,"9 1/2""",,V0043,MUD MOTOR,ready_for_field,enrolled
L-MTR-000-0221,FA000221,THRUST HOUSING,MOTOR,asset,,,,V00550,MUD MOTOR,ready_for_field,enrolled
L-MTR-000-0222,FA000222,"STATIONARY FLOW RESTRICTOR, UPPER",MOTOR,asset,,,,V00550,MUD MOTOR,ready_for_field,enrolled
L-MTR-000-0223,FA000223,ROTATING FLOW RESTRICTOR,MOTOR,asset,,,,V00550,MUD MOTOR,ready_for_field,enrolled
L-MTR-000-0224,FA000224,"STATIONARY FLOW RESTRICTOR, LOWER",MOTOR,asset,,,,V00550,MUD MOTOR,ready_for_field,enrolled
L-MTR-838-6701,FA000225,"8 3/8"" SLEEVE STABILIZER",MOTOR,asset,8416701,"8 3/8""",,V00550,MUD MOTOR,ready_for_field,enrolled
L-MTR-838-6702,FA000226,"8 3/8"" SLEEVE STABILIZER",MOTOR,asset,8416702,"8 3/8""",,V00550,MUD MOTOR,ready_for_field,enrolled
L-MTR-838-6703,FA000227,"8 3/8"" SLEEVE STABILIZER",MOTOR,asset,8416703,"8 3/8""",,V00550,MUD MOTOR,ready_for_field,enrolled
L-MTR-838-6704,FA000228,"8 3/8"" SLEEVE STABILIZER",MOTOR,asset,8416704,"8 3/8""",,V00550,MUD MOTOR,ready_for_field,enrolled
L-MTR-838-6705,FA000229,"8 3/8"" SLEEVE STABILIZER",MOTOR,asset,8416705,"8 3/8""",,V00550,MUD MOTOR,ready_for_field,enrolled
L-MTR-912-6004,FA000230,"23 3/4"" STABILIZER",MOTOR,asset,WZL-0196-004,"23 3/4""",,V0043,MUD MOTOR,ready_for_field,enrolled
L-MTR-800-6502,FA000231,"8"" MOTOR ASSEMBLY M40 WENZEL",MOTOR,asset,WZL-0265-02,"8""",,V0043,MUD MOTOR,ready_for_field,enrolled
L-MTR-800-6503,FA000232,"8"" MOTOR ASSEMBLY M40 WENZEL",MOTOR,asset,WZL-0265-03,"8""",,V0043,MUD MOTOR,ready_for_field,enrolled
L-MTR-800-6504,FA000233,"8"" MOTOR ASSEMBLY M40 WENZEL",MOTOR,asset,WZL-0265-04,"8""",,V0043,MUD MOTOR,ready_for_field,enrolled
L-MTR-218-0234,FA000234,"12 1/8"" SPIRAL STABILIZER",MOTOR,asset,,"12 1/8""",,V0043,MUD MOTOR,ready_for_field,enrolled
L-MTR-912-6501,FA000235,"17 1/4"" STABILIZER",MOTOR,asset,WZL-0265-01,"17 1/4""",,V0043,MUD MOTOR,ready_for_field,enrolled
L-WRL-000-0237,FA000237,MONOCONDUCTOR WIRELINE SKID MOUNTED UNIT,WIRELINE,asset,,,,V0044,WIRELINE,ready_for_field,enrolled
L-WRL-200-0238,FA000238,"7/32"" CABLE FOR WIRELINE UNIT",WIRELINE,asset,,"7/32""",,V0044,WIRELINE,ready_for_field,enrolled
L-MTR-000-0239,FA000239,"2 7/8"" Bearing Assembly Superhawk High Pull",MOTOR,asset,,"2 7/8""",,V01480,MUD MOTOR,ready_for_field,enrolled
L-JAR-434-5522,FA000240,"3/4"" JAR HYDRAULIC JAR, DOUBLE ACTING",JAR,asset,BDA25522,"3/4""",,V0043,JARS,ready_for_field,enrolled
L-JAR-612-7647,FA000241,"6 1/2"" JAR HYDRAULIC JAR, DOUBLE ACTING",JAR,asset,BD17647,"6 1/2""",,V0043,JARS,ready_for_field,enrolled
L-JAR-800-0242,FA000242,"8"" JAR HYDRAULIC JAR, DOUBLE ACTING",JAR,asset,HJDA800-0076,"8""",,V0043,JARS,ready_for_field,enrolled
L-RTR-800-0050,FA000243,"8"" MOTOR ASSEMBLY M40 WENZEL",MOTOR,component,M40-800-0050,"8""",,V0043,MUD MOTOR,ready_for_field,enrolled
L-STR-000-0291,FA000244,"4 3/4"" STATOR S475783.8-1.5OS-NBR HPW (B11235)",MOTOR,component,4-C42029-1,"4 3/4""",,V00050,MUD MOTOR,ready_for_field,enrolled
L-MTR-000-0245,FA000245,"3 1/8"" Bearing Assembly Superhawk",MOTOR,asset,,"3 1/8""",,V01480,MUD MOTOR,ready_for_field,enrolled
L-RTR-000-2451,FA000247,"6 3/4"" ROTOR R675785.0-SLD-1.375-6 SA:WC",MOTOR,component,4-B02451,"6 3/4""",,V00050,MUD MOTOR,ready_for_field,enrolled
L-STR-000-0297,FA000248,"8"" STATOR S800784.0 L3-STD-NBR HPW (W1309)",MOTOR,component,4-C42029-7,"8""",,V00050,MUD MOTOR,ready_for_field,enrolled
L-RTR-000-2446,FA000249,"8"" ROTOR R800784.0-SLD-2.125-6 SA:WC",MOTOR,component,4-B02446,"8""",,V00050,MUD MOTOR,ready_for_field,enrolled
L-STR-000-2911,FA000250,"9 5/8"" STATOR S962785.7-STD-NBR HPW (R60382)",MOTOR,component,4-C42029-11,"9 5/8""",,V00050,MUD MOTOR,ready_for_field,enrolled
L-JAR-800-2333,FA000251,"8"" JAR HYDRAQUAKER",JAR,asset,OSC142333A,"8""",,V00760,JARS,ready_for_field,enrolled
L-MTR-000-0252,FA000252,Bearing Assembly Superhawk,MOTOR,asset,,,,V01480,MUD MOTOR,ready_for_field,enrolled
L-MEQ-000-3701,FA000253,Column Jib Crane Lifting Capacity: 1.000 kg,MACHINE,asset,424337/01,,,V00260,MACHEQ,ready_for_field,enrolled
L-MEQ-000-0001,FA000254,Column Jib Crane Lifting Capacity: 500 kg,MACHINE,asset,20077471-0001,,,V00260,MACHEQ,ready_for_field,enrolled
L-MEQ-000-2072,FA000255,Hanging Jib Crane Lifting Capacity: 500 kg,MACHINE,asset,062072,,,V00260,MACHEQ,ready_for_field,enrolled
L-MEQ-000-0256,FA000256,Grinding Machine incl. Accessories *2ndH,MACHINE,asset,,,,V00260,MACHEQ,ready_for_field,enrolled
L-HOP-000-3603,FA000257,Single Stage Holeopener,BIT,asset,OWS-HO-3603,,,V00240,HOLEOPENER,ready_for_field,enrolled
L-WHP-618-0258,FA000258,"6 1/8"" Keyhole Whipstock Mill",WHIPSTOCK,asset,,"6 1/8""",,,WHIPSTOCK,ready_for_field,enrolled
L-WHP-618-0259,FA000259,"6 1/8"" Window Mill",WHIPSTOCK,asset,,"6 1/8""",,,WHIPSTOCK,ready_for_field,enrolled
L-WHP-618-0260,FA000260,"6 1/8"" Watermelon Mill",WHIPSTOCK,asset,,"6 1/8""",,,WHIPSTOCK,ready_for_field,enrolled
L-WHP-618-0261,FA000261,"6 1/8"" Taper Mill",WHIPSTOCK,asset,,"6 1/8""",,,WHIPSTOCK,ready_for_field,enrolled
L-WHP-618-0262,FA000262,"6 1/8"" String Mill",WHIPSTOCK,asset,,"6 1/8""",,,WHIPSTOCK,ready_for_field,enrolled
L-WHP-700-0263,FA000263,"Running Tool for 7"" Casing Whipstock System",WHIPSTOCK,asset,,"7""",,,WHIPSTOCK,ready_for_field,enrolled
L-WHP-700-0264,FA000264,"Die Collar for 7"" Casing Whipstock System",WHIPSTOCK,asset,,"7""",,,WHIPSTOCK,ready_for_field,enrolled
L-WHP-700-0265,FA000265,"Retrieval Hook for 7"" Casing Whipstock System",WHIPSTOCK,asset,,"7""",,,WHIPSTOCK,ready_for_field,enrolled
L-WHP-700-0266,FA000266,"False Rotary Table for 7"" Casing Whipstock System",WHIPSTOCK,asset,,"7""",,,WHIPSTOCK,ready_for_field,enrolled
L-WHP-700-0267,FA000267,"Setting Valve for 7"" Casing Whipstock System complete assy.",WHIPSTOCK,asset,,"7""",,,WHIPSTOCK,ready_for_field,enrolled
L-WHP-000-0268,FA000268,Ditch Magnet,WHIPSTOCK,asset,,,,,WHIPSTOCK,ready_for_field,enrolled
L-STR-000-0292,FA000269,"4 3/4"" STATOR S475783.8-1.5OS-NBR HPW (B11238)",MOTOR,component,4-C42029-2,"4 3/4""",,V00050,MUD MOTOR,ready_for_field,enrolled
L-RTR-000-2454,FA000270,"4 3/4"" ROTOR R475783.8-SLD-1.375-6SA:WC-3.13HD",MOTOR,component,4-B02454,"4 3/4""",,V00050,MUD MOTOR,ready_for_field,enrolled
L-STR-000-8001,FA000271,"8"" STATOR S800784.0 L3-STD-NBR HPW (W3367)",MOTOR,component,4-C41800-1,"8""",,V00050,MUD MOTOR,ready_for_field,enrolled
L-RTR-000-2445,FA000272,"8"" ROTOR R800784.0-SLD-2.125-6 SA:WC",MOTOR,component,4-B02445,"8""",,V00050,MUD MOTOR,ready_for_field,enrolled
L-RTR-000-1666,FA000273,"8"" ROTOR R800784.0-SLD-2.125-6 SA:WC",MOTOR,component,4-B01666,"8""",,V00050,MUD MOTOR,ready_for_field,enrolled
L-STR-000-0294,FA000274,"6 3/4"" STATOR S675785.0-1OS-NBR HPW (R63258)",MOTOR,component,4-C42029-4,"6 3/4""",,V00050,MUD MOTOR,ready_for_field,enrolled
L-STR-000-0295,FA000275,"6 3/4"" STATOR S675785.0-1OS-NBR HPW (R63258)",MOTOR,component,4-C42029-5,"6 3/4""",,V00050,MUD MOTOR,ready_for_field,enrolled
L-STR-000-0298,FA000276,"8"" STATOR S800784.0 L3-STD-NBR HPW (W1309)",MOTOR,component,4-C42029-8,"8""",,V00050,MUD MOTOR,ready_for_field,enrolled
L-STR-000-8005,FA000277,"8"" STATOR S800784.0 L3-STD-NBR HPW (W3863)",MOTOR,component,4-C41800-5,"8""",,V00050,MUD MOTOR,ready_for_field,enrolled
L-STR-000-8006,FA000278,"8"" STATOR S800784.0 L3-STD-NBR HPW (W3863)",MOTOR,component,4-C41800-6,"8""",,V00050,MUD MOTOR,ready_for_field,enrolled
L-MWD-000-0279,FA000279,"4 3/4"" Sub Flow 4.75 OD, 2.69 ID, 42 LG, NC38 B/P - SST/APS Spec-10020 (P530 or Equiv)",SUB FLOW / MWD,asset,,"4 3/4""",,V0049,MWD/LWD,ready_for_field,enrolled
L-MTR-800-6006,FA000280,"12 1/8"" STABILIZER",MOTOR,asset,WZL-160-06,"12 1/8""",,V0043,MUD MOTOR,ready_for_field,enrolled
L-MTR-634-9001,FA000281,"8 3/8"" STABILIZER",MOTOR,asset,WZL-0279-001,"8 3/8""",,V0043,MUD MOTOR,ready_for_field,enrolled
L-MTR-634-0034,FA000282,"6 3/4"" MOTOR ASSEMBLY WENZEL",MOTOR,asset,M7-675-0034,"6 3/4""",,V0043,MUD MOTOR,ready_for_field,enrolled
L-MTR-800-9005,FA000283,"12 1/8"" STABILIZER",MOTOR,asset,WZL-0279-005,"12 1/8""",,V0043,MUD MOTOR,ready_for_field,enrolled
L-MTR-800-9006,FA000284,"12 1/8"" STABILIZER",MOTOR,asset,WZL-0279-006,"12 1/8""",,V0043,MUD MOTOR,ready_for_field,enrolled
L-MTR-800-9007,FA000285,"12 1/8"" STABILIZER",MOTOR,asset,WZL-0279-007,"12 1/8""",,V0043,MUD MOTOR,ready_for_field,enrolled
L-MTR-800-9008,FA000286,"12 1/8"" STABILIZER",MOTOR,asset,WZL-0279-008,"12 1/8""",,V0043,MUD MOTOR,ready_for_field,enrolled
L-MTR-800-9009,FA000287,"12 1/8"" STABILIZER",MOTOR,asset,WZL-0279-009,"12 1/8""",,V0043,MUD MOTOR,ready_for_field,enrolled
L-MTR-634-9002,FA000288,"8 3/8"" STABILIZER",MOTOR,asset,WZL-0279-002,"8 3/8""",,V0043,MUD MOTOR,ready_for_field,enrolled
L-MTR-634-9003,FA000289,"8 3/8"" STABILIZER",MOTOR,asset,WZL-0279-003,"8 3/8""",,V0043,MUD MOTOR,ready_for_field,enrolled
L-MTR-634-9004,FA000290,"8 3/8"" STABILIZER",MOTOR,asset,WZL-0279-004,"8 3/8""",,V0043,MUD MOTOR,ready_for_field,enrolled
L-MWD-000-0291,FA000291,"4 3/4"" Sub Flow 4.75 OD, 2.69 ID, 42 LG, NC38 B/P - SST/APS Spec-10020 (P530 or Equiv)",SUB FLOW / MWD,asset,,"4 3/4""",,V0049,MWD/LWD,ready_for_field,enrolled
L-MTR-000-3351,FA000292,"4 3/4"" STATOR S475239.0-1OS-NBR HPW",MOTOR,asset,4-C42335-1,"4 3/4""",,V00050,MUD MOTOR,ready_for_field,enrolled
L-MTR-000-3352,FA000293,"4 3/4"" ROTOR 2R500239.0-SLD-2.750 HEAD-1.375 SA:WC",MOTOR,asset,4-C42335-2,"4 3/4""",,V00050,MUD MOTOR,ready_for_field,enrolled
L-RTR-800-0051,FA000294,"8"" MOTOR ASSEMBLY M40 WENZEL",MOTOR,component,M40-800-0051,"8""",,V0043,MUD MOTOR,ready_for_field,enrolled
L-MWD-000-3022,FA000295,"Pulser Assy G5.2, Fixed 3.44 Valve, 150-450 gpm, Fin Centralizer, 150°C, 20Kpsi",MWD / APS,asset,3022,,,V0049,MWD/LWD,ready_for_field,enrolled
L-MWD-000-2983,FA000296,"Pulser Assy G4.2, Fixed 4.125 Valve, 400-800 gpm, Fin Centralizer, 150°C, 20Kpsi",MWD / APS,asset,2983,,,V0049,MWD/LWD,ready_for_field,enrolled
L-MWD-000-2722,FA000297,"Pulser Assy G4.2, Fixed 5.25 Valve, 400-800 gpm, Fin Centralizer, 150°C, 20Kpsi",MWD / APS,asset,2722,,,V0049,MWD/LWD,ready_for_field,enrolled
L-MWD-000-4054,FA000298,"Battery Module Assy, Fin Ctrlzr, 25K (No Battery Installed",MWD / APS,asset,4054,,,V0049,MWD/LWD,ready_for_field,enrolled
L-MWD-000-1509,FA000299,"Sensor ASSEMBLY, Directional, Fin Centralizer Ready, 150°C, 20Kpsi",MWD / APS,asset,1509,,,V0049,MWD/LWD,ready_for_field,enrolled
L-MWD-000-1152,FA000300,"Gamma Module Assy, Fin Centralizer Ready, 150°C, 20Kpsi",MWD / APS,asset,1152,,,V0049,MWD/LWD,ready_for_field,enrolled
L-MWD-000-1178,FA000301,"Surface System - Lite, SIU2, LWD with DTS, 1.0in to 1.5in drill line",MWD / APS,asset,1178,,,V0049,MWD/LWD,ready_for_field,enrolled
L-MWD-000-0193,FA000302,"Kit, Laversab Rig Floor Display (RFD), wireless",MWD / APS,asset,193,,,V0049,MWD/LWD,ready_for_field,enrolled
L-MWD-010-0021,FA000303,"Transport Container, MWD, 10ft (3.0m)",MWD / APS,asset,APS-MWD-RNT-021,,,V0049,MWD/LWD,ready_for_field,enrolled
L-MWD-000-0024,FA000304,Fixed Mount MWD Rig Tooling Kit (All MWD Sizes except 2.50in),MWD / APS,asset,024,,,V0049,MWD/LWD,ready_for_field,enrolled
L-MWD-000-9205,FA000305,"4 3/4"" Sub Flow 4.75 OD, 2.69 ID, 42 LG, NC38 B/P - SST/APS Spec- 10020 (P530 or Equiv)",SUB FLOW / MWD,asset,375192-05,"4 3/4""",,V0049,MWD/LWD,ready_for_field,enrolled
L-MWD-000-6102,FA000306,"6 3/4"" Sub Flow 6.75 OD, 3.25 ID, 42 LG, NC50 B/P - SST/APS Spec- 10020 (P530 or Equiv)",SUB FLOW / MWD,asset,374661-02,"6 3/4""",,V0049,MWD/LWD,ready_for_field,enrolled
L-MWD-000-0307,FA000307,"8"" Sub Flow, 8.00 OD, 3.50 ID, 42 LG, 6-5/8 REG B/P - SST/APS Spec- 10020 (P530 or Equiv)",SUB FLOW / MWD,asset,,"8""",,V0049,MWD/LWD,ready_for_field,enrolled
L-MWD-000-2765,FA000308,"Pulser Assy G4.2, Fixed 4.125 Valve, 400-800 gpm, Fin Centralizer, 150°C, 20Kpsi",MWD / APS,asset,2765,,,V0049,MWD/LWD,ready_for_field,enrolled
L-MWD-000-2980,FA000309,"Pulser Assy G4.2, Fixed 5.25 Valve, 400-800 gpm, Fin Centralizer, 150°C, 20Kpsi",MWD / APS,asset,2980,,,V0049,MWD/LWD,ready_for_field,enrolled
L-MWD-000-4158,FA000310,"Battery Module Assy, Fin Ctrlzr, 25K (No Battery Installed",MWD / APS,asset,4158,,,V0049,MWD/LWD,ready_for_field,enrolled
L-MWD-000-4333,FA000311,"Battery Module Assy, Fin Ctrlzr, 25K (No Battery Installed",MWD / APS,asset,4333,,,V0049,MWD/LWD,ready_for_field,enrolled
L-MWD-000-0942,FA000312,"Battery Module Assy, Fin Ctrlzr, 25K (No Battery Installed",MWD / APS,asset,942,,,V0049,MWD/LWD,ready_for_field,enrolled
L-MWD-000-1796,FA000313,"Sensor ASSEMBLY, Directional, Fin Centralizer Ready, 150°C, 20Kpsi",MWD / APS,asset,1796,,,V0049,MWD/LWD,ready_for_field,enrolled
L-MWD-000-1043,FA000314,"Gamma Module Assy, Fin Centralizer Ready, 150°C, 20Kpsi",MWD / APS,asset,1043,,,V0049,MWD/LWD,ready_for_field,enrolled
L-MWD-000-1232,FA000315,"Surface System - Lite, SIU2, LWD with DTS, 1.0in to 1.5in drill line",MWD / APS,asset,1232,,,V0049,MWD/LWD,ready_for_field,enrolled
L-MTR-000-0316,FA000316,"LAPTOP Software Suite, SureShot, SSCC, ADS, Plot, MMI",MWD / APS,asset,,,,V0049,MUD MOTOR,ready_for_field,enrolled
L-MWD-000-0317,FA000317,"LAPTOP Software Suite, SureShot, SSCC, ADS, Plot, MMI",MWD / APS,asset,,,,V0049,MWD/LWD,ready_for_field,enrolled
L-MWD-000-0207,FA000318,"Kit, Laversab Rig Floor Display (RFD), wireless",MWD / APS,asset,207,,,V0049,MWD/LWD,ready_for_field,enrolled
L-MWD-000-9208,FA000319,"4 3/4"" Sub Flow 4.75 OD, 2.69 ID, 42 LG, NC38 B/P - SST/APS Spec- 10020 (P530 or Equiv)",SUB FLOW / MWD,asset,375192-08,"4 3/4""",,V0049,MWD/LWD,ready_for_field,enrolled
L-MWD-000-4204,FA000320,"6 3/4"" Sub Flow 6.75 OD, 3.25 ID, 42 LG, NC50 B/P - SST/APS Spec- 10020 (P530 or Equiv)",SUB FLOW / MWD,asset,373614-2-04,"6 3/4""",,V0049,MWD/LWD,ready_for_field,enrolled
L-MWD-000-0321,FA000321,"8"" Sub Flow 8.00 OD, 3.50 ID, 42 LG, 6-5/8 REG B/P - SST/APS Spec- 10020 (P530 or Equiv)",SUB FLOW / MWD,asset,,"8""",,V0049,MWD/LWD,ready_for_field,enrolled
L-JAR-434-5523,FA000322,"4 3/4"" JAR HYDRAULIC JAR, DOUBLE ACTING",JAR,asset,BDA25523,"4 3/4""",,V0043,JARS,ready_for_field,enrolled
L-JAR-612-0874,FA000323,"6 1/2"" JAR HYDRAULIC JAR, DOUBLE ACTING",JAR,asset,BD20874,"6 1/2""",,V0043,JARS,ready_for_field,enrolled
L-JAR-800-0076,FA000324,"8"" JAR HYDRAULIC JAR, DOUBLE ACTING",JAR,asset,HJDA800-0076,"8""",,V0043,JARS,ready_for_field,enrolled
L-SHK-612-0021,FA000325,"6 1/2"" SHOCK TOOL, SERIES 6",SHOCK SUB,asset,ST650-0021,"6 1/2""",,V0043,SHOCK SUBS,ready_for_field,enrolled
L-SHK-800-0060,FA000326,"8"" SHOCK TOOL, SERIES 7",SHOCK SUB,asset,ST800-0060,"8""",,V0043,SHOCK SUBS,ready_for_field,enrolled
L-STR-000-2201,FA000327,"4 3/4"" STATOR S475783.8-1.5OS-NBR HPW S (R62843)",MOTOR,component,4-C42220-1,"4 3/4""",,V00050,MUD MOTOR,ready_for_field,enrolled
L-STR-000-2202,FA000328,"4 3/4"" STATOR S475783.8-1.5OS-NBR HPW (R62843)",MOTOR,component,4-C42220-2,"4 3/4""",,V00050,MUD MOTOR,ready_for_field,enrolled
L-MTR-278-0329,FA000329,"2 7/8"" Fixed Bent Housing",MOTOR,asset,,"2 7/8""",,V01450,MUD MOTOR,ready_for_field,enrolled
L-MTR-318-0330,FA000330,"3 1/8"" Fixed Bent Housing",MOTOR,asset,,"3 1/8""",,V01450,MUD MOTOR,ready_for_field,enrolled
L-JAR-318-8013,FA000331,"3 1/8"" JAR Rapid Thru Tubing Jar Hydraulic Jar, 2-3/8"" REG PXB Std",JAR,asset,HJ318-013,"3 1/8""",,V01450,JARS,ready_for_field,enrolled
L-RTR-000-2203,FA000332,"4 3/4"" ROTOR R475783.8-SLD-1.375-6SA:WC-3.13HD",MOTOR,component,4-C42220-3,"4 3/4""",,V00050,MUD MOTOR,ready_for_field,enrolled
L-RTR-000-2204,FA000333,"4 3/4"" ROTOR R475783.8-SLD-1.375-6SA:WC-3.13HD",MOTOR,component,4-C42220-4,"4 3/4""",,V00050,MUD MOTOR,ready_for_field,enrolled
L-STR-000-2206,FA000334,"6 3/4"" STATOR S675785.0-1OS-NBR HPW STATOR (R63258)",MOTOR,component,4-C42220-6,"6 3/4""",,V00050,MUD MOTOR,ready_for_field,enrolled
L-STR-000-2207,FA000335,"6 3/4"" STATOR S675785.0-1OS-NBR HPW STATOR (R63258)",MOTOR,component,4-C42220-7,"6 3/4""",,V00050,MUD MOTOR,ready_for_field,enrolled
L-STR-000-2205,FA000336,"6 3/4"" STATOR S675785.0-1OS-NBR HPW STATOR (R63258)",MOTOR,component,4-C42220-5,"6 3/4""",,V00050,MUD MOTOR,ready_for_field,enrolled
L-RTR-000-2695,FA000337,"6 3/4"" ROTOR R675785.0-SLD-1.375-6 SA:WC ROTOR",MOTOR,component,4-B02695,"6 3/4""",,V00050,MUD MOTOR,ready_for_field,enrolled
L-RTR-000-2696,FA000338,"6 3/4"" ROTOR R675785.0-SLD-1.375-6 SA:WC ROTOR",MOTOR,component,4-B02696,"6 3/4""",,V00050,MUD MOTOR,ready_for_field,enrolled
L-RTR-000-2697,FA000339,"6 3/4"" ROTOR R675785.0-SLD-1.375-6 SA:WC ROTOR",MOTOR,component,4-B02697,"6 3/4""",,V00050,MUD MOTOR,ready_for_field,enrolled
L-STR-000-2011,FA000340,"8"" STATOR S800784.0 L3-STD-NBR HPW STATOR (W3367)",MOTOR,component,4-C42220-11,"8""",,V00050,MUD MOTOR,ready_for_field,enrolled
L-STR-000-2012,FA000341,"8"" STATOR S800784.0 L3-STD-NBR HPW STATOR (W3367)",MOTOR,component,4-C42220-12,"8""",,V00050,MUD MOTOR,ready_for_field,enrolled
L-STR-000-2013,FA000342,"8"" STATOR S800784.0 L3-STD-NBR HPW STATOR (W3367)",MOTOR,component,4-C42220-13,"8""",,V00050,MUD MOTOR,ready_for_field,enrolled
L-RTR-000-2014,FA000343,"8"" ROTOR R800784.0-SLD-2.125-6 SA:WC ROTOR",MOTOR,component,4-C42220-14,"8""",,V00050,MUD MOTOR,ready_for_field,enrolled
L-RTR-000-2015,FA000344,"8"" ROTOR R800784.0-SLD-2.125-6 SA:WC ROTOR",MOTOR,component,4-C42220-15,"8""",,V00050,MUD MOTOR,ready_for_field,enrolled
L-RTR-000-2016,FA000345,"8"" ROTOR R800784.0-SLD-2.125-6 SA:WC ROTOR",MOTOR,component,4-C42220-16,"8""",,V00050,MUD MOTOR,ready_for_field,enrolled
L-STR-000-2017,FA000346,"9 5/8"" STATOR S962785.7-STD-NBR HPW STATOR (X6417)",MOTOR,component,4-C42220-17,"9 5/8""",,V00050,MUD MOTOR,ready_for_field,enrolled
L-STR-000-2018,FA000347,"9 5/8"" STATOR S962785.7-STD-NBR HPW STATOR (X6417)",MOTOR,component,4-C42220-18,"9 5/8""",,V00050,MUD MOTOR,ready_for_field,enrolled
L-STR-000-2019,FA000348,"9 5/8"" STATOR S962785.7-STD-NBR HPW STATOR (X6417)",MOTOR,component,4-C42220-19,"9 5/8""",,V00050,MUD MOTOR,ready_for_field,enrolled
L-RTR-000-2020,FA000349,"9 5/8"" ROTOR R962785.7-SLD-2.125 SA:WC ROTOR",MOTOR,component,4-C42220-20,"9 5/8""",,V00050,MUD MOTOR,ready_for_field,enrolled
L-RTR-000-2021,FA000350,"9 5/8"" ROTOR R962785.7-SLD-2.125 SA:WC ROTOR",MOTOR,component,4-C42220-21,"9 5/8""",,V00050,MUD MOTOR,ready_for_field,enrolled
L-RTR-000-2022,FA000351,"9 5/8"" ROTOR R962785.7-SLD-2.125 SA:WC ROTOR",MOTOR,component,4-C42220-22,"9 5/8""",,V00050,MUD MOTOR,ready_for_field,enrolled
L-SHK-612-6770,FA000352,"6 1/2"" SHOCJ SUB SS650, 6-1/2"" SHOCK SUB, 4.5IF BOX X PIN",SHOCK SUB,asset,OSC106770A,"6 1/2""",,V00760,SHOCK SUBS,ready_for_field,enrolled
L-SHK-800-5432,FA000353,"8"" SHOCK SUB SS800, 8"" SHOCK SUB, 6.6 REG BOX X PIN",SHOCK SUB,asset,OSC105432A,"8""",,V00760,SHOCK SUBS,ready_for_field,enrolled
L-CMP-958-0354,FA000354,"COMPLETE PACKER RUNNING/SETTING TOOL # 9 5/8"" X 7""",,asset,,"9 5/8""",,V01440,COMPLETION,ready_for_field,enrolled
L-CMP-958-0355,FA000355,"COMPLETE PACKER RUNNING/SETTING TOOL # 9 5/8"" X 7""",,asset,,"9 5/8""",,V01440,COMPLETION,ready_for_field,enrolled
L-MTR-814-0356,FA000356,"8 1/4"" Circulating valve KC-210RS.810",CIRCULATION VALVE,asset,0191PC,"8 1/4""",,V01310,MUD MOTOR,ready_for_field,enrolled
L-MTR-814-0357,FA000357,"8 1/4"" Circulating valve KC-210RS.810",CIRCULATION VALVE,asset,0192PC,"8 1/4""",,V01310,MUD MOTOR,ready_for_field,enrolled
L-MTR-634-0033,FA000358,"6 3/4"" MOTOR ASSEMBLY M7 WENZEL",MOTOR,asset,M7-675-0033,"6 3/4""",,V0043,MUD MOTOR,ready_for_field,enrolled
L-MTR-434-0008,FA000359,"4 3/4"" MOTOR ASSEMBLY M7 WENZEL",MOTOR,asset,M47-M7-0008,"4 3/4""",,V0043,MUD MOTOR,ready_for_field,enrolled
L-MEQ-000-0360,FA000360,5 TON MONORAIL CRANE SYSTEM,MACHINE,asset,,,,V00670,MACHEQ,ready_for_field,enrolled
L-SHK-800-4360,FA000361,"8"" SHOCK SUB SS800",SHOCK SUB,asset,OSC104360A,"8""",,V00760,SHOCK SUBS,ready_for_field,enrolled
L-SHK-800-5431,FA000362,"8"" SHOCK SUB SS800",SHOCK SUB,asset,OSC105431A,"8""",,V00760,SHOCK SUBS,ready_for_field,enrolled
L-SHK-612-4381,FA000363,"6 1/2"" SHOCK SUB SS650",SHOCK SUB,asset,OSC104381A,"6 1/2""",,V00760,SHOCK SUBS,ready_for_field,enrolled
L-SHK-612-4382,FA000364,"6 1/2"" SHOCK SUB SS650",SHOCK SUB,asset,OSC104382A,"6 1/2""",,V00760,SHOCK SUBS,ready_for_field,enrolled
L-MTR-434-0365,FA000365,"4 3/4"" Lower End + Top Sub Only",MOTOR,asset,,"4 3/4""",,V0043,MUD MOTOR,ready_for_field,enrolled
L-MTR-634-0366,FA000366,"6 3/4"" Lower End + Top Sub Only",MOTOR,asset,,"6 3/4""",,V0043,MUD MOTOR,ready_for_field,enrolled
L-MTR-800-0367,FA000367,"8"" Lower End + Top Sub Only",MOTOR,asset,,"8""",,V0043,MUD MOTOR,ready_for_field,enrolled
L-MTR-800-0368,FA000368,"8"" Lower End + Top Sub Only",MOTOR,asset,,"8""",,V0043,MUD MOTOR,ready_for_field,enrolled
L-RTR-278-0369,FA000369,"2 7/8"" Mud Lubricated Motor Bearing & Drive Assembly Bearing Section Rotor Catch Sub + Bolt",MOTOR,component,,"2 7/8""",,V01450,MUD MOTOR,ready_for_field,enrolled
L-RTR-278-0370,FA000370,"2 7/8"" Mud Lubricated Motor Bearing & Drive Assembly Bearing Section Rotor Catch Sub + Bolt",MOTOR,component,,"2 7/8""",,V01450,MUD MOTOR,ready_for_field,enrolled
L-RTR-318-0371,FA000371,"3.125"" Mud Lubricated Motor Bearing & Drive Assembly Bearing Section Rotor Catch Sub + Bolt",MOTOR,component,,"3 1/8""",,V01450,MUD MOTOR,ready_for_field,enrolled
L-RTR-318-0372,FA000372,"3.125"" Mud Lubricated Motor Bearing & Drive Assembly Bearing Section Rotor Catch Sub + Bolt",MOTOR,component,,"3 1/8""",,V01450,MUD MOTOR,ready_for_field,enrolled
L-MTR-434-7802,FA000373,"4 3/4"" Slick Sleeve",MOTOR,asset,11227802,"4 3/4""",,V0043,MUD MOTOR,ready_for_field,enrolled
L-MTR-434-7803,FA000374,"4 3/4"" Slick Sleeve",MOTOR,asset,11227803,"4 3/4""",,V0043,MUD MOTOR,ready_for_field,enrolled
L-MTR-714-6002,FA000375,"17 1/4"" SPIRAL STABILIZER",MOTOR,asset,WZI-160-02,"17 1/4""",,V0043,MUD MOTOR,ready_for_field,enrolled
L-MTR-218-6004,FA000376,"12 1/8"" SPIRAL STABILIZER",MOTOR,asset,WZL-160-04,"12 1/8""",,V0043,MUD MOTOR,ready_for_field,enrolled
L-MTR-714-6001,FA000377,"17 1/4"" SPIRAL STABILIZER",MOTOR,asset,WZL-160-01,"17 1/4""",,V0043,MUD MOTOR,ready_for_field,enrolled
L-MTR-838-6002,FA000378,"8 3/8"" Straight Sleeve Stabilizer",MOTOR,asset,WZL-0196-002,"8 3/8""",,V0043,MUD MOTOR,ready_for_field,enrolled
L-MTR-600-1006,FA000379,"6"" Straight Sleeve Stabilizer",MOTOR,asset,WZL-0231-006,"6""",,V0043,MUD MOTOR,ready_for_field,enrolled
L-MTR-800-1601,FA000380,"8"" Slick Sleeve",MOTOR,asset,11441601,"8""",,V0043,MUD MOTOR,ready_for_field,enrolled
L-MTR-800-1602,FA000381,"8"" Slick Sleeve",MOTOR,asset,11441602,"8""",,V0043,MUD MOTOR,ready_for_field,enrolled
L-MTR-800-0036,FA000382,"12 1/8"" STABILIZER",MOTOR,asset,H95-10-036,"12 1/8""",,V0043,MUD MOTOR,ready_for_field,enrolled
L-MTR-634-5303,FA000383,"6 3/4"" Slick Sleeve",MOTOR,asset,10785303,"6 3/4""",,V0043,MUD MOTOR,ready_for_field,enrolled
L-MEQ-000-1734,FA000385,WELDING MACHINE,MACHINE,asset,13291734,,,V01350,MACHEQ,ready_for_field,enrolled
L-MEQ-000-0319,FA000386,Grinding Machine,MACHINE,asset,260319,,,V01350,MACHEQ,ready_for_field,enrolled
L-MEQ-000-1480,FA000387,Drilling Machine,MACHINE,asset,111480,,,V01350,MACHEQ,ready_for_field,enrolled
L-MEQ-000-0021,FA000388,Knife Sharpener Machine,MACHINE,asset,2210210021,,,V01350,MACHEQ,ready_for_field,enrolled
L-MEQ-000-0101,FA000389,Cutting Machine,MACHINE,asset,LDC101FA,,,V01350,MACHEQ,ready_for_field,enrolled
L-MEQ-000-0102,FA000390,Cutting Machine,MACHINE,asset,LDC102FA,,,V01350,MACHEQ,ready_for_field,enrolled
L-MTR-838-1004,FA000391,"8 3/8"" Straight Sleeve Stabilizer",MOTOR,asset,WZL-0231-004,"8 3/8""",,V0043,MUD MOTOR,ready_for_field,enrolled
L-GYR-000-2033,FA000392,GYRO TRACER DIRECTIONAL KIT,GYRO,asset,2353 TLM 2033,,,V00770,GYRO,ready_for_field,enrolled
L-MTR-958-2906,FA000393,"9 5/8"" Slick Sleeve",MOTOR,asset,9522906,"9 5/8""",,V0043,MUD MOTOR,ready_for_field,enrolled
L-MTR-000-3361,FA000394,"6 3/4"" STATOR S675785.0-1OS-NBR HPW-",MOTOR,asset,4-C42336-1,"6 3/4""",,V00050,MUD MOTOR,ready_for_field,enrolled
L-MTR-000-3362,FA000395,"6 3/4"" STATOR S675785.0-1OS-NBR HPW-",MOTOR,asset,4-C42336-2,"6 3/4""",,V00050,MUD MOTOR,ready_for_field,enrolled
L-MTR-000-3363,FA000396,"6 3/4"" STATOR S675785.0-1OS-NBR HPW-",MOTOR,asset,4-C42336-3,"6 3/4""",,V00050,MUD MOTOR,ready_for_field,enrolled
L-MTR-000-3364,FA000397,"6 3/4"" STATOR S675785.0-1OS-NBR HPW-",MOTOR,asset,4-C42336-4,"6 3/4""",,V00050,MUD MOTOR,ready_for_field,enrolled
L-MTR-000-0398,FA000398,Bearing Assembly Superhawk High Pull,MOTOR,asset,,,,V01480,MUD MOTOR,ready_for_field,enrolled
L-WHP-700-0399,FA000399,"RAPTR-X DUAL MILL 7"" CSG (6.000 GAGE DIA) STD, NC38 BOX CONN. RAPTR-X, HYDRAULIC RUNNING TOOL",WHIPSTOCK,asset,,"7""",,V01490,WHIPSTOCK,ready_for_field,enrolled
L-WHP-700-0400,FA000400,"RAPTR-X DUAL MILL 7"" CSG (6.000 GAGE DIA) STD, NC38 BOX CONN. RAPTR-X, HYDRAULIC RUNNING TOOL",WHIPSTOCK,asset,,"7""",,V01490,WHIPSTOCK,ready_for_field,enrolled
L-WHP-600-0401,FA000401,"RAPTR-X WINDOW MILL, 6.000"" OD NC38 BOX",WHIPSTOCK,asset,,"6""",,V01490,WHIPSTOCK,ready_for_field,enrolled
L-WHP-600-0402,FA000402,"RAPTR-X WATERMELON MILL 6.000"" OD NC50 BOX-PIN",WHIPSTOCK,asset,,"6""",,V01490,WHIPSTOCK,ready_for_field,enrolled
L-WHP-600-0403,FA000403,"RAPTR-X WATERMELON MILL 6.000"" OD NC50 BOX-PIN",WHIPSTOCK,asset,,"6""",,V01490,WHIPSTOCK,ready_for_field,enrolled
L-MTR-800-0404,FA000404,"8"" M40 SCREW-ON STABILIZER, 12.125 OD NON-DIR 5 BLADE 3x5.7 PAD",MOTOR,asset,,"8""",,V0043,MUD MOTOR,ready_for_field,enrolled
L-MTR-800-0405,FA000405,"8"" M40 SCREW-ON STABILIZER, 12.125 OD NON-DIR 5 BLADE 3x5.7 PAD",MOTOR,asset,,"8""",,V0043,MUD MOTOR,ready_for_field,enrolled
L-MTR-634-0406,FA000406,"6.75"" SCREW-ON STABILIZER 8.375"" OD NON-DIR 5 BLADE",MOTOR,asset,,"6 3/4""",,V0043,MUD MOTOR,ready_for_field,enrolled
L-MTR-634-0407,FA000407,"6.75"" SCREW-ON STABILIZER 8.375"" OD NON-DIR 5 BLADE",MOTOR,asset,,"6 3/4""",,V0043,MUD MOTOR,ready_for_field,enrolled
L-MTR-634-0408,FA000408,"6.75"" SCREW-ON STABILIZER 8.375"" OD NON-DIR 5 BLADE",MOTOR,asset,,"6 3/4""",,V0043,MUD MOTOR,ready_for_field,enrolled
L-STR-278-0409,FA000409,"2-7/8"" 9/10 1.4 STATOR",MOTOR,component,,"2 7/8""",,V01530,MUD MOTOR,ready_for_field,enrolled
L-STR-278-0410,FA000410,"2-7/8"" 9/10 1.4 STATOR",MOTOR,component,,"2 7/8""",,V01530,MUD MOTOR,ready_for_field,enrolled
L-RTR-278-0411,FA000411,"2-7/8"" 9/10 1.4 ROTOR",MOTOR,component,,"2 7/8""",,V01530,MUD MOTOR,ready_for_field,enrolled
L-RTR-278-0412,FA000412,"2-7/8"" 9/10 1.4 ROTOR",MOTOR,component,,"2 7/8""",,V01530,MUD MOTOR,ready_for_field,enrolled
L-STR-318-0413,FA000413,"3-1/8"" 9/10 2.1 STATOR",MOTOR,component,,"3 1/8""",,V01530,MUD MOTOR,ready_for_field,enrolled
L-RTR-318-0414,FA000414,"3-1/8"" 9/10 2.1 ROTOR",MOTOR,component,,"3 1/8""",,V01530,MUD MOTOR,ready_for_field,enrolled
L-MTR-000-0415,FA000415,R287673.1-SLD-1.125-8 SA:CHROME-1.90 HD MATERIAL: RTR CHROME SOLID,MOTOR,asset,,,,V00050,MUD MOTOR,ready_for_field,enrolled
L-MTR-000-0416,FA000416,R287673.1-SLD-1.125-8 SA:CHROME-1.90 HD MATERIAL: RTR CHROME SOLID,MOTOR,asset,,,,V00050,MUD MOTOR,ready_for_field,enrolled
L-MTR-000-0417,FA000417,S287673.1-1OS-NBR HPX MATERIAL: STR HP,MOTOR,asset,,,,V00050,MUD MOTOR,ready_for_field,enrolled
L-MTR-000-0418,FA000418,S287673.1-1OS-NBR HPX MATERIAL: STR HP,MOTOR,asset,,,,V00050,MUD MOTOR,ready_for_field,enrolled
L-MTR-000-0419,FA000419,R312782.5-SLD-BLANK: MATERIAL: RTR CHROME SOLID,MOTOR,asset,,,,V00050,MUD MOTOR,ready_for_field,enrolled
L-MTR-000-0420,FA000420,R312782.5-SLD-BLANK: MATERIAL: RTR CHROME SOLID,MOTOR,asset,,,,V00050,MUD MOTOR,ready_for_field,enrolled
L-MTR-000-0421,FA000421,S312782.5-1OS-NBR-HPX MATERIAL: STR HP,MOTOR,asset,,,,V00050,MUD MOTOR,ready_for_field,enrolled
L-MTR-000-0422,FA000422,S312782.5-1OS-NBR-HPX MATERIAL: STR HP,MOTOR,asset,,,,V00050,MUD MOTOR,ready_for_field,enrolled
L-STR-000-8007,FA000423,S962785.7-STD-NBR HPW STATOR (R60381),MOTOR,component,4-C41800-7,,,V00050,MUD MOTOR,ready_for_field,enrolled
L-MEQ-000-0425,FA000425,Skid Mounted W-440 Mud Pump Unit,MACHINE,asset,,,,V01550,MACHEQ,ready_for_field,enrolled
L-MTR-434-0427,FA000427,"4.75"" SCREW-ON STABILIZER 5.875"" OD - NON-DIR 5 BLADE",MOTOR,asset,,"4 3/4""",,V0043,MUD MOTOR,ready_for_field,enrolled
L-MTR-912-0428,FA000428,"9 1/2"" SCREW-ON STABILIZER 23.75"" OD - NON-DIR 5 BLADE",MOTOR,asset,,"9 1/2""",,V0043,MUD MOTOR,ready_for_field,enrolled
L-NMD-434-1271,FA000429,"4-3/4"" NMDC SCHOLLER BLECKMANN P530 N3705 4 3/4"" OD x 2-11/16"" ID x 30.20""",MOTOR,asset,OWS DC 1271,"4 3/4""",,V00470,NMDC,ready_for_field,enrolled
L-NMD-434-1272,FA000430,"4-3/4"" NMDC SCHOLLER BLECKMANN P530 N3714 4 3/4"" OD x 2-11/16"" ID x 29.89""",MOTOR,asset,OWS DC 1272,"4 3/4""",,V00470,NMDC,ready_for_field,enrolled
